epoch,time,train/box_loss,train/seg_loss,train/cls_loss,train/dfl_loss,metrics/precision(B),metrics/recall(B),metrics/mAP50(B),metrics/mAP50-95(B),metrics/precision(M),metrics/recall(M),metrics/mAP50(M),metrics/mAP50-95(M),val/box_loss,val/seg_loss,val/cls_loss,val/dfl_loss,lr/pg0,lr/pg1,lr/pg2
1,102.078,2.29323,4.94821,16.7762,1.11205,0.14273,0.1426,0.1318,0.05359,0,0,0,0,2.69384,108.973,3.19146,1.06441,0.0807191,0.000293617,0.000293617
2,145.771,2.21371,4.0544,1.75141,1.06995,0.24366,0.17455,0.20138,0.06741,0,0,0,0,2.8426,18.0837,7.70524,1.20572,0.061019,0.000593472,0.000593472
3,188.491,2.23864,4.08482,1.79152,1.08852,0.17627,0.05667,0.0928,0.02899,0.15507,0.03583,0.08232,0.0203,2.53748,5.23571,4.85486,1.13734,0.0413183,0.000892744,0.000892744
4,231.648,2.29908,4.09046,1.83129,1.09686,0,0,0,0,0,0,0,0,4.9676,16.4601,inf,3.85833,0.0216165,0.00119099,0.00119099
5,275.797,2.29439,4.02596,1.79207,1.10332,0.00073,0.00221,3e-05,1e-05,0,0,0,0,4.46698,6.22032,inf,1.76909,0.00191332,0.00148779,0.00148779
6,318.58,2.33428,4.079,1.81513,1.10303,0,0,0,0,0,0,0,0,5.29651,30.8272,5.38248,5.18724,0.00149086,0.00149086,0.00149086
7,362.052,2.2588,4.0306,1.74874,1.08567,0.25407,0.16165,0.18228,0.07475,0.13178,0.07835,0.07183,0.02949,2.68173,5.59951,3.17431,1.17855,0.00148685,0.00148685,0.00148685
8,404.836,2.23894,4.04168,1.68551,1.08356,0.84048,0.12394,0.47884,0.23792,0.12427,0.0131,0.06355,0.02554,2.51078,5.25692,2.4537,1.14339,0.00148212,0.00148212,0.00148212
9,448.498,2.23687,3.99061,1.68509,1.09186,0.47658,0.10903,0.29506,0.11365,0.05531,0.01023,0.02873,0.00649,2.66462,4.96533,3.19774,1.15763,0.00147667,0.00147667,0.00147667
10,491.707,2.18526,3.99037,1.57345,1.06567,0.58054,0.26694,0.43386,0.16511,0.18898,0.06866,0.10363,0.02708,2.46848,4.6928,1.93526,1.13801,0.00147052,0.00147052,0.00147052
11,534.867,2.15618,3.98341,1.58635,1.07139,0.57679,0.24482,0.42597,0.16616,0.1169,0.03189,0.06276,0.02409,2.52874,4.81917,2.00825,1.16851,0.00146366,0.00146366,0.00146366
12,578.226,2.12769,3.91953,1.52312,1.0586,0.58375,0.28439,0.44002,0.18702,0.20502,0.07962,0.11296,0.03304,2.28702,4.43506,1.72206,1.10975,0.0014561,0.0014561,0.0014561
13,621.511,2.10526,3.9781,1.50073,1.04383,0.7115,0.28339,0.50868,0.20655,0.22563,0.06732,0.12714,0.05151,2.33918,4.57152,1.69462,1.09708,0.00144786,0.00144786,0.00144786
14,664.595,2.10568,3.97574,1.48701,1.04874,0.57845,0.18712,0.38508,0.1673,0.21656,0.05161,0.1186,0.04024,2.40494,4.66361,2.30152,1.08148,0.00143893,0.00143893,0.00143893
15,707.649,2.10075,4.02607,1.48559,1.05788,0.79309,0.21527,0.50793,0.19785,0.17213,0.04379,0.09012,0.05067,2.44712,4.7418,2.19821,1.09327,0.00142933,0.00142933,0.00142933
16,750.211,2.07539,3.97123,1.46829,1.03695,0.38447,0.02567,0.20621,0.07182,0.07765,0.00254,0.03945,0.03258,2.63494,5.09763,3.11579,1.11867,0.00141907,0.00141907,0.00141907
17,793.149,2.04607,3.90307,1.43215,1.03559,0.25,0.00074,0.12518,0.01252,0.5,0.00147,0.25073,0.13886,2.52642,4.65843,4.56279,1.08108,0.00140816,0.00140816,0.00140816
18,836.676,2.03031,3.95038,1.37882,1.02342,0.72048,0.14728,0.42851,0.17751,0.25762,0.03162,0.13463,0.06141,2.7102,4.87418,2.3568,1.14006,0.0013966,0.0013966,0.0013966
19,879.892,2.04089,3.94879,1.4206,1.03312,0.54333,0.35806,0.47628,0.19263,0.22745,0.10963,0.14234,0.05475,2.18807,4.34826,1.54387,1.06639,0.00138441,0.00138441,0.00138441
20,923.178,2.0195,3.931,1.39305,1.03826,0.79939,0.32898,0.57473,0.25038,0.28954,0.08082,0.1609,0.05965,2.14975,4.46085,1.66333,1.06562,0.00137161,0.00137161,0.00137161
21,966.461,1.9663,3.88114,1.36489,1.0128,0.60937,0.33172,0.48038,0.20257,0.20012,0.0863,0.11443,0.04466,2.28213,4.68827,1.65563,1.07371,0.0013582,0.0013582,0.0013582
22,1009.09,1.95574,3.88928,1.3537,1.01118,0,0,0,0,0,0,0,0,2.49152,4.7686,4.85694,1.09728,0.00134419,0.00134419,0.00134419
23,1052.53,1.95639,3.94089,1.32529,1.00167,0.64276,0.4078,0.56016,0.21357,0.19608,0.08537,0.11732,0.06852,2.19306,4.75262,1.61696,1.09235,0.00132961,0.00132961,0.00132961
24,1095.55,1.94722,3.86493,1.32492,1.02555,0.68367,0.28279,0.49775,0.19895,0.23761,0.05803,0.13561,0.0425,2.29094,4.58978,1.6878,1.07452,0.00131446,0.00131446,0.00131446
25,1138.48,1.98773,3.91503,1.3711,1.02623,0.83224,0.03737,0.43637,0.18443,0.15132,0.00475,0.07823,0.0374,2.3586,4.84284,2.81309,1.04981,0.00129876,0.00129876,0.00129876
26,1181.59,1.94219,3.91768,1.32471,1.01137,0.58884,0.40954,0.52445,0.21089,0.19304,0.10242,0.12204,0.05087,2.15791,4.76237,1.50072,1.07155,0.00128253,0.00128253,0.00128253
27,1224.99,1.89963,3.83609,1.28314,1.00078,0.74154,0.27382,0.51527,0.22345,0.28687,0.08797,0.1752,0.0663,2.17581,4.34208,1.69044,1.06469,0.00126578,0.00126578,0.00126578
28,1268.37,1.98591,3.96502,1.3344,1.00681,0.6136,0.35312,0.50475,0.21431,0.26577,0.07353,0.15485,0.07226,2.11679,4.47222,1.92679,1.07008,0.00124852,0.00124852,0.00124852
29,1311.57,1.94489,3.87374,1.3195,1.01201,0.69278,0.36174,0.54049,0.23737,0.29026,0.0597,0.09717,0.04023,2.15123,4.72867,1.5187,1.09084,0.00123079,0.00123079,0.00123079
30,1354.67,1.9138,3.87867,1.26332,1.0061,0.62063,0.36608,0.49678,0.21024,0.20524,0.10148,0.11953,0.05446,2.1678,4.42413,1.40962,1.09181,0.00121258,0.00121258,0.00121258
31,1398.09,1.89901,3.88272,1.27332,1.01174,0.58033,0.38547,0.50677,0.2094,0.17574,0.09954,0.11218,0.04286,2.15892,4.33113,1.45683,1.06533,0.00119393,0.00119393,0.00119393
32,1440.95,1.9027,3.9033,1.27335,0.99655,0.71026,0.11786,0.41034,0.16693,0.22115,0.02627,0.11506,0.0674,2.42685,4.77411,2.34729,1.07829,0.00117485,0.00117485,0.00117485
33,1484.49,1.88425,3.82536,1.23794,1.00539,0.60193,0.39596,0.49518,0.2052,0.20111,0.11685,0.1254,0.04301,2.22897,4.19311,1.44078,1.09524,0.00115535,0.00115535,0.00115535
34,1527.81,1.91852,3.94352,1.24103,0.9915,0.52687,0.34643,0.44044,0.19167,0.2355,0.10449,0.13952,0.05448,2.20361,4.47288,1.45092,1.08342,0.00113546,0.00113546,0.00113546
35,1571.23,1.89853,3.87507,1.24864,0.99589,0.62941,0.26093,0.43573,0.17919,0.32188,0.0738,0.1766,0.07942,2.19443,4.65817,1.85177,1.07954,0.0011152,0.0011152,0.0011152
36,1614.74,1.86962,3.82608,1.23614,1.00996,0.61239,0.41348,0.53376,0.22629,0.16938,0.09653,0.11148,0.0472,2.0978,4.54937,1.39774,1.0569,0.00109459,0.00109459,0.00109459
37,1658.02,1.84321,3.80725,1.22424,1.00213,0.60307,0.4223,0.53135,0.21994,0.19602,0.11097,0.12484,0.04527,2.14132,4.45315,1.42338,1.04631,0.00107364,0.00107364,0.00107364
38,1701.54,1.85724,3.87849,1.20265,0.99823,0.5799,0.42698,0.51461,0.20541,0.21398,0.11157,0.13814,0.05383,2.13783,4.57812,1.43766,1.07531,0.00105238,0.00105238,0.00105238
39,1744.94,1.85935,3.95267,1.19344,0.98009,0.59759,0.50011,0.5731,0.23703,0.16526,0.1228,0.11953,0.04517,2.08859,4.59431,1.34112,1.0945,0.00103083,0.00103083,0.00103083
40,1788.37,1.81465,3.83984,1.17271,0.98492,0.66168,0.4459,0.58438,0.23986,0.22135,0.10542,0.13501,0.05603,2.03239,4.62368,1.29494,1.03008,0.00100901,0.00100901,0.00100901
41,1831.74,1.84284,3.91579,1.18405,0.98903,0.66281,0.41635,0.56699,0.24041,0.206,0.08958,0.12754,0.05135,2.00123,4.40653,1.3104,1.02949,0.000986945,0.000986945,0.000986945
42,1875.09,1.87025,3.92721,1.22485,0.98566,0.62481,0.43146,0.54227,0.228,0.22727,0.10308,0.14007,0.05352,2.0786,4.53698,1.28268,1.05265,0.000964651,0.000964651,0.000964651
43,1918.67,1.86073,3.88053,1.21255,0.9886,0.59104,0.45091,0.51826,0.22171,0.18595,0.11431,0.12313,0.04878,2.06252,4.49101,1.29413,1.04265,0.000942152,0.000942152,0.000942152
44,1962.1,1.81865,3.91493,1.15434,0.97719,0.68013,0.39623,0.55698,0.24821,0.2254,0.10188,0.1398,0.05527,2.09269,4.47821,1.29893,1.06517,0.000919471,0.000919471,0.000919471
45,2005.27,1.81944,3.82671,1.15866,0.97639,0.66972,0.43801,0.56528,0.24267,0.22949,0.12574,0.14582,0.05502,2.13796,4.2906,1.36528,1.07603,0.000896631,0.000896631,0.000896631
46,2048.41,1.81069,3.87129,1.17444,0.9829,0.7034,0.37791,0.53849,0.23052,0.22829,0.08309,0.13389,0.05626,2.06274,4.50008,1.3037,1.053,0.000873653,0.000873653,0.000873653
47,2091.13,1.82938,3.88343,1.17345,0.98247,0.73927,0.38172,0.57141,0.24757,0.19764,0.07788,0.11287,0.03656,2.11369,4.47828,1.27254,1.10814,0.00085056,0.00085056,0.00085056
48,2134.35,1.78738,3.8443,1.13345,0.97344,0.68571,0.4576,0.58897,0.25972,0.12173,0.07013,0.07469,0.02433,2.00967,4.71446,1.30687,1.05183,0.000827375,0.000827375,0.000827375
49,2177.32,1.81303,3.8604,1.13704,0.9759,0.65048,0.37404,0.52231,0.2235,0.20661,0.10028,0.12441,0.04374,2.09992,4.46134,1.45599,1.07158,0.000804122,0.000804122,0.000804122
50,2220.74,1.7493,3.77717,1.10683,0.96223,0.73675,0.46054,0.6193,0.27533,0.22863,0.122,0.13928,0.05027,1.99336,4.42465,1.20463,1.04245,0.000780822,0.000780822,0.000780822
51,2263.71,1.76052,3.82308,1.10919,0.97716,0.8078,0.36013,0.5915,0.25307,0.23779,0.0857,0.13437,0.0545,2.01998,4.59371,1.43608,1.02002,0.0007575,0.0007575,0.0007575
52,2306.52,1.75833,3.8314,1.12203,0.97752,0.71889,0.4592,0.61022,0.26327,0.20544,0.11097,0.12786,0.05186,1.97963,4.50766,1.22636,1.03551,0.000734178,0.000734178,0.000734178
53,2349.58,1.74146,3.80881,1.06531,0.96655,0.71993,0.29803,0.5181,0.22922,0.17484,0.03276,0.09636,0.04206,2.11494,4.56284,1.48103,1.04987,0.000710878,0.000710878,0.000710878
54,2392.89,1.78307,3.87344,1.08502,0.9659,0.7348,0.46027,0.61012,0.25966,0.23767,0.12086,0.14366,0.05635,1.98247,4.44074,1.20225,1.03469,0.000687625,0.000687625,0.000687625
55,2436.06,1.76366,3.81597,1.10111,0.97307,0.68573,0.44918,0.58607,0.24957,0.22819,0.11211,0.13525,0.06162,2.03453,4.47373,1.28173,1.05168,0.00066444,0.00066444,0.00066444
56,2479.26,1.77737,3.84738,1.1347,0.97355,0.69712,0.44142,0.59243,0.27044,0.2395,0.122,0.14289,0.04231,1.93408,4.32489,1.25912,1.0173,0.000641347,0.000641347,0.000641347
57,2522.64,1.77661,3.83826,1.09615,0.97033,0.71947,0.48795,0.62922,0.28001,0.21756,0.11699,0.13897,0.05551,1.95505,4.54464,1.20028,1.02357,0.000618369,0.000618369,0.000618369
58,2565.88,1.73066,3.81965,1.08251,0.95955,0.72322,0.39536,0.57934,0.2512,0.27882,0.10382,0.1693,0.06907,2.07131,4.43202,1.24222,1.05173,0.000595529,0.000595529,0.000595529
59,2609.17,1.71014,3.80588,1.05062,0.95805,0.5928,0.43073,0.52558,0.22647,0.24023,0.12849,0.14202,0.0535,2.12174,4.33189,1.40491,1.06845,0.000572848,0.000572848,0.000572848
60,2652.75,1.70907,3.80807,1.08634,0.95067,0.56855,0.45466,0.52649,0.23466,0.22013,0.13717,0.13597,0.05976,1.96708,4.32191,1.25378,1.03658,0.000550349,0.000550349,0.000550349
61,2696.22,1.73486,3.81273,1.08434,0.96959,0.73345,0.4227,0.57984,0.26024,0.24424,0.11445,0.14791,0.0564,1.98764,4.40398,1.36206,1.04179,0.000528055,0.000528055,0.000528055
62,2739.58,1.72424,3.78738,1.05217,0.96405,0.64207,0.48715,0.58334,0.2549,0.23388,0.13744,0.14642,0.05455,1.9502,4.28386,1.32435,1.02489,0.000505987,0.000505987,0.000505987
63,2782.98,1.73235,3.83204,1.05655,0.96062,0.66883,0.44644,0.56324,0.24974,0.26131,0.1331,0.16087,0.06022,1.99465,4.37728,1.25226,1.04147,0.000484168,0.000484168,0.000484168
64,2826.37,1.72949,3.8351,1.0628,0.95752,0.7035,0.42097,0.57986,0.25798,0.22589,0.10355,0.13481,0.05123,1.97032,4.40547,1.27001,1.04918,0.000462618,0.000462618,0.000462618
65,2869.67,1.67208,3.75409,1.01951,0.95191,0.68362,0.46763,0.59998,0.27014,0.22816,0.12501,0.14435,0.05668,1.95263,4.39782,1.26495,1.04761,0.000441359,0.000441359,0.000441359
66,2913.21,1.6902,3.79952,1.01599,0.95794,0.73168,0.44149,0.60102,0.27861,0.25879,0.11999,0.16088,0.06406,1.94327,4.33301,1.21973,1.04006,0.000420412,0.000420412,0.000420412
67,2956.73,1.72399,3.8693,1.06902,0.96224,0.64906,0.47311,0.57932,0.25056,0.22486,0.12882,0.14247,0.05308,2.00553,4.45907,1.26592,1.05014,0.000399798,0.000399798,0.000399798
68,3000.48,1.67724,3.78484,1.04173,0.95191,0.69946,0.48541,0.61892,0.27502,0.23246,0.12855,0.14701,0.05493,1.94905,4.38812,1.27465,1.03867,0.000379537,0.000379537,0.000379537
69,3044.07,1.65575,3.75823,0.9949,0.94729,0.75381,0.48962,0.63963,0.29225,0.2444,0.13336,0.15626,0.0634,1.91054,4.43452,1.12528,1.01771,0.000359649,0.000359649,0.000359649
70,3087.57,1.68595,3.74562,1.02966,0.95341,0.60937,0.49724,0.56777,0.23987,0.23947,0.14947,0.15139,0.05468,1.99037,4.34482,1.37805,1.04822,0.000340153,0.000340153,0.000340153
71,3130.85,1.65082,3.78383,1.00991,0.94262,0.688,0.47177,0.60381,0.26596,0.23335,0.13062,0.15026,0.06343,1.97409,4.40449,1.19474,1.03164,0.000321069,0.000321069,0.000321069
72,3174.18,1.63844,3.75377,0.99583,0.94863,0.69762,0.47418,0.60872,0.26833,0.26667,0.14038,0.17082,0.07172,1.95731,4.38999,1.19546,1.0399,0.000302417,0.000302417,0.000302417
73,3217.51,1.69075,3.83863,1.01792,0.95561,0.74612,0.46067,0.62032,0.27534,0.22539,0.11571,0.14183,0.05984,1.89662,4.31079,1.19212,1.02109,0.000284213,0.000284213,0.000284213
74,3260.93,1.64049,3.74719,1.00517,0.94887,0.68423,0.48394,0.60588,0.26611,0.24188,0.12822,0.14771,0.05577,1.94125,4.44959,1.21796,1.0269,0.000266476,0.000266476,0.000266476
75,3304.08,1.66959,3.75968,0.99658,0.95392,0.65766,0.4824,0.597,0.26783,0.22648,0.13717,0.1482,0.06018,1.9426,4.41691,1.20755,1.02903,0.000249224,0.000249224,0.000249224
76,3347.56,1.6362,3.72679,0.98546,0.96136,0.67758,0.48086,0.60233,0.26636,0.23361,0.13711,0.14931,0.06009,1.91484,4.40537,1.20755,1.02594,0.000232473,0.000232473,0.000232473
77,3390.87,1.61701,3.77008,0.95534,0.95246,0.71695,0.47331,0.61148,0.2851,0.23189,0.12835,0.14677,0.05724,1.90392,4.39852,1.17632,1.02463,0.000216241,0.000216241,0.000216241
78,3434.51,1.62247,3.72576,1.01288,0.94959,0.67456,0.48494,0.59809,0.25959,0.24809,0.14466,0.16043,0.06052,1.95481,4.36359,1.20608,1.0336,0.000200543,0.000200543,0.000200543
79,3478.19,1.65801,3.83219,1.00132,0.94861,0.72012,0.48374,0.62354,0.27675,0.23533,0.12975,0.15433,0.0606,1.94861,4.46315,1.191,1.03317,0.000185394,0.000185394,0.000185394
80,3521.88,1.61184,3.71767,0.9847,0.93785,0.75076,0.47478,0.63007,0.28331,0.25152,0.1355,0.15933,0.05827,1.9124,4.41669,1.1834,1.01516,0.00017081,0.00017081,0.00017081
81,3565.25,1.60856,3.76033,0.96579,0.94021,0.72611,0.46916,0.61456,0.27871,0.2308,0.12594,0.15156,0.06158,1.94608,4.49389,1.20572,1.03233,0.000156805,0.000156805,0.000156805
82,3608.68,1.62593,3.73619,0.97527,0.9355,0.72168,0.47351,0.62645,0.28299,0.23538,0.12915,0.15564,0.06042,1.90105,4.44583,1.203,1.02773,0.000143393,0.000143393,0.000143393
83,3652.31,1.6382,3.80465,0.99947,0.94484,0.70982,0.50714,0.63587,0.27732,0.26913,0.15763,0.17266,0.06677,1.93526,4.44498,1.19425,1.02996,0.000130587,0.000130587,0.000130587
84,3695.41,1.67554,3.85163,0.99951,0.94561,0.72415,0.50145,0.63564,0.2815,0.24594,0.14058,0.15611,0.05977,1.93973,4.46061,1.18492,1.04243,0.000118399,0.000118399,0.000118399
85,3738.95,1.59415,3.76783,0.96143,0.93377,0.72172,0.47545,0.62258,0.27828,0.24335,0.12982,0.15294,0.06044,1.93634,4.38116,1.16787,1.03487,0.000106842,0.000106842,0.000106842
86,3788.07,1.7922,3.75341,1.00038,0.98823,0.73194,0.46655,0.62099,0.28171,0.24043,0.12768,0.15336,0.0629,1.92104,4.41625,1.18723,1.03573,9.59277e-05,9.59277e-05,9.59277e-05
87,3829.09,1.75988,3.78855,0.98036,0.98723,0.73883,0.46395,0.61879,0.28453,0.2497,0.13377,0.16173,0.06161,1.91541,4.41527,1.17666,1.03144,8.56659e-05,8.56659e-05,8.56659e-05
88,3870.16,1.74627,3.7665,0.96964,0.98683,0.72785,0.49971,0.63911,0.27965,0.24196,0.1341,0.15608,0.06334,1.93888,4.51093,1.18837,1.04027,7.60672e-05,7.60672e-05,7.60672e-05
89,3911.18,1.74987,3.72915,0.96653,0.98641,0.71612,0.4969,0.62828,0.27444,0.25579,0.14941,0.16719,0.06382,1.95893,4.4294,1.19145,1.0445,6.7141e-05,6.7141e-05,6.7141e-05
90,3952.57,1.77652,3.77914,0.98532,0.98125,0.7181,0.4963,0.63202,0.28321,0.26069,0.1468,0.17031,0.06339,1.95065,4.44782,1.14291,1.04586,5.8896e-05,5.8896e-05,5.8896e-05
91,3993.72,1.76715,3.83937,0.97991,0.97189,0.71136,0.49938,0.63333,0.28163,0.24223,0.14633,0.15688,0.06121,1.94314,4.4735,1.17067,1.03675,5.13405e-05,5.13405e-05,5.13405e-05
92,4034.74,1.74256,3.76483,0.95651,0.98467,0.72054,0.49724,0.6348,0.28292,0.24564,0.14673,0.1599,0.06177,1.93458,4.48489,1.15152,1.03682,4.44819e-05,4.44819e-05,4.44819e-05
93,4075.79,1.73224,3.74838,0.94862,0.97228,0.70568,0.50219,0.62973,0.28268,0.24477,0.14994,0.1633,0.06068,1.93263,4.49053,1.15768,1.03963,3.8327e-05,3.8327e-05,3.8327e-05
94,4116.99,1.74935,3.72703,0.97186,0.98444,0.7202,0.49904,0.6363,0.28539,0.23513,0.13697,0.15332,0.05981,1.93306,4.46391,1.16139,1.04031,3.28818e-05,3.28818e-05,3.28818e-05
95,4157.91,1.73369,3.75616,0.94404,0.97831,0.71096,0.49136,0.62544,0.2847,0.24402,0.13951,0.15828,0.06145,1.92196,4.45834,1.15736,1.03766,2.81517e-05,2.81517e-05,2.81517e-05
96,4198.92,1.73822,3.77424,0.94054,0.9896,0.70597,0.4961,0.62449,0.28124,0.24742,0.1464,0.16209,0.06301,1.9159,4.4598,1.1481,1.03702,2.41414e-05,2.41414e-05,2.41414e-05
97,4239.71,1.714,3.71496,0.94907,0.98141,0.73386,0.50479,0.64431,0.29054,0.24533,0.14165,0.15893,0.06092,1.92198,4.44352,1.14879,1.03582,2.08548e-05,2.08548e-05,2.08548e-05
98,4280.76,1.71196,3.78094,0.94752,0.97632,0.72871,0.50519,0.64412,0.28635,0.24697,0.1446,0.1609,0.06069,1.9258,4.45864,1.14946,1.03745,1.82952e-05,1.82952e-05,1.82952e-05
99,4321.78,1.72395,3.76834,0.94785,0.97543,0.71448,0.50586,0.63586,0.28529,0.24262,0.14386,0.1597,0.06009,1.92867,4.45531,1.16417,1.03763,1.64652e-05,1.64652e-05,1.64652e-05
100,4362.78,1.70089,3.71706,0.94332,0.97907,0.69152,0.50413,0.6263,0.2811,0.23279,0.14353,0.15279,0.05924,1.92483,4.44426,1.17019,1.03737,1.53664e-05,1.53664e-05,1.53664e-05
