epoch,time,train/box_loss,train/cls_loss,train/dfl_loss,metrics/precision(B),metrics/recall(B),metrics/mAP50(B),metrics/mAP50-95(B),val/box_loss,val/cls_loss,val/dfl_loss,lr/pg0,lr/pg1,lr/pg2
1,64.6003,2.40252,19.3075,1.27217,0.26592,0.19554,0.16197,0.0364,3.15406,3.18456,1.60761,0.000550054,0.000550054,0.000550054
2,100.944,2.40431,2.27755,1.31869,0.26592,0.19554,0.16197,0.0364,nan,nan,nan,0.00109477,0.00109477,0.00109477
3,133.98,2.43053,2.15613,1.34146,0.29422,0.03907,0.02311,0.00786,3.33965,7.38766,2.75266,0.00162849,0.00162849,0.00162849
4,167.025,2.41617,2.07388,1.328,0.43079,0.32476,0.27218,0.08399,2.63873,4.17148,1.47502,0.00161749,0.00161749,0.00161749
5,200.071,2.36268,1.94501,1.29297,0.39167,0.30766,0.28054,0.08146,2.77351,2.67023,1.4767,0.00160099,0.00160099,0.00160099
6,232.893,2.27749,1.8405,1.2687,0.37266,0.30685,0.25901,0.07527,2.66531,2.62927,1.40524,0.00158448,0.00158448,0.00158448
7,265.787,2.27354,1.82368,1.25147,0.40934,0.41065,0.34564,0.10959,2.46283,2.38519,1.48615,0.00156798,0.00156798,0.00156798
8,298.705,2.19019,1.73662,1.25035,0.462,0.34697,0.33704,0.11212,2.36356,2.32584,1.35125,0.00155148,0.00155148,0.00155148
9,331.764,2.26735,1.77745,1.24079,0.38643,0.32877,0.27988,0.08012,2.59935,2.19844,1.35594,0.00153497,0.00153497,0.00153497
10,364.531,2.18138,1.68523,1.2168,0.46008,0.4647,0.39162,0.13596,2.24884,1.97382,1.36525,0.00151847,0.00151847,0.00151847
11,397.432,2.17132,1.66588,1.23198,0.36681,0.33149,0.25912,0.07031,2.46327,2.35153,1.33543,0.00150197,0.00150197,0.00150197
12,430.481,2.14056,1.58561,1.18109,0.38947,0.30386,0.27468,0.0775,2.5153,2.85834,1.34933,0.00148546,0.00148546,0.00148546
13,463.539,2.11395,1.5657,1.20249,0.52806,0.43889,0.43625,0.13725,2.32421,1.995,1.29437,0.00146896,0.00146896,0.00146896
14,496.622,2.0898,1.58934,1.19565,0.47153,0.38649,0.37489,0.12699,2.22212,2.19874,1.2687,0.00145246,0.00145246,0.00145246
15,529.582,2.09402,1.5428,1.1865,0.4714,0.32628,0.35939,0.10526,2.45354,2.14885,1.32953,0.00143595,0.00143595,0.00143595
16,562.534,2.04297,1.46671,1.17027,0.46533,0.41327,0.36404,0.10878,2.41554,2.10363,1.32666,0.00141945,0.00141945,0.00141945
17,595.461,2.0486,1.47596,1.15106,0.4463,0.35166,0.34353,0.10972,2.37796,2.10689,1.26934,0.00140295,0.00140295,0.00140295
18,628.321,2.00951,1.44744,1.16169,0.46825,0.43953,0.37698,0.12862,2.15061,2.01071,1.22967,0.00138644,0.00138644,0.00138644
19,661.169,2.01146,1.41913,1.14957,0.4822,0.41993,0.37422,0.11923,2.34365,2.06214,1.27761,0.00136994,0.00136994,0.00136994
20,694.059,2.00413,1.42188,1.15448,0.58909,0.42746,0.43061,0.13382,2.29131,1.97124,1.26597,0.00135344,0.00135344,0.00135344
21,727.009,1.98745,1.37291,1.14772,0.46209,0.40066,0.37332,0.12998,2.19555,2.07098,1.24369,0.00133693,0.00133693,0.00133693
22,759.864,1.97332,1.3666,1.14226,0.5394,0.45254,0.4496,0.16608,2.13324,2.00056,1.27547,0.00132043,0.00132043,0.00132043
23,792.709,1.94545,1.34626,1.12132,0.50647,0.39593,0.36334,0.12192,2.24672,2.08805,1.20957,0.00130393,0.00130393,0.00130393
24,825.681,1.92458,1.38205,1.12965,0.46377,0.44401,0.40119,0.14602,2.138,2.07001,1.23149,0.00128742,0.00128742,0.00128742
25,858.583,1.94694,1.35526,1.12634,0.43723,0.40009,0.3444,0.10831,2.35747,2.30574,1.29474,0.00127092,0.00127092,0.00127092
26,891.495,1.93039,1.31353,1.13066,0.53534,0.43796,0.42544,0.14971,2.23827,1.92001,1.2355,0.00125442,0.00125442,0.00125442
27,924.36,1.92759,1.31816,1.11854,0.46935,0.41502,0.39178,0.13082,2.28411,2.03206,1.27267,0.00123791,0.00123791,0.00123791
28,957.182,1.92786,1.30419,1.11675,0.56343,0.3963,0.40143,0.13241,2.26336,2.14302,1.22478,0.00122141,0.00122141,0.00122141
29,989.982,1.91405,1.33146,1.11171,0.57346,0.43945,0.44326,0.16281,2.19543,1.84256,1.2148,0.00120491,0.00120491,0.00120491
30,1022.84,1.85182,1.24405,1.08662,0.58228,0.41886,0.4503,0.17506,2.09658,2.05803,1.22256,0.0011884,0.0011884,0.0011884
31,1055.83,1.88017,1.30536,1.10493,0.55493,0.44811,0.44238,0.16216,2.16561,2.01302,1.25016,0.0011719,0.0011719,0.0011719
32,1088.64,1.82008,1.23458,1.08377,0.58747,0.50284,0.48547,0.17148,2.22944,1.67056,1.2388,0.0011554,0.0011554,0.0011554
33,1121.6,1.87322,1.27893,1.07539,0.57232,0.45277,0.45189,0.16393,2.11008,2.00785,1.17296,0.00113889,0.00113889,0.00113889
34,1154.42,1.87644,1.24632,1.0829,0.51391,0.42393,0.40388,0.13879,2.19462,2.0428,1.21589,0.00112239,0.00112239,0.00112239
35,1187.18,1.84955,1.28919,1.0867,0.509,0.44572,0.43553,0.16518,2.11169,1.94368,1.18648,0.00110589,0.00110589,0.00110589
36,1220.06,1.86912,1.2537,1.09146,0.47188,0.45957,0.41547,0.1483,2.11369,2.08658,1.19944,0.00108938,0.00108938,0.00108938
37,1252.89,1.85535,1.25862,1.08677,0.47959,0.40848,0.39385,0.1307,2.20153,2.22517,1.21822,0.00107288,0.00107288,0.00107288
38,1285.74,1.86833,1.26213,1.09196,0.52928,0.49091,0.47695,0.1803,2.06422,1.80405,1.15316,0.00105638,0.00105638,0.00105638
39,1318.56,1.796,1.18048,1.06433,0.53024,0.44029,0.42247,0.14705,2.15873,2.06435,1.20963,0.00103987,0.00103987,0.00103987
40,1351.47,1.79959,1.20454,1.06993,0.52059,0.49688,0.46751,0.1691,2.1723,1.88151,1.20244,0.00102337,0.00102337,0.00102337
41,1384.34,1.80654,1.20869,1.08908,0.53141,0.45492,0.42327,0.14262,2.23756,2.0189,1.21264,0.00100687,0.00100687,0.00100687
42,1417.16,1.78014,1.16186,1.05571,0.59051,0.43914,0.44389,0.1481,2.23427,1.89032,1.25136,0.000990365,0.000990365,0.000990365
43,1450.07,1.82115,1.18843,1.09025,0.54333,0.44503,0.45589,0.17354,2.06258,2.19355,1.16886,0.000973861,0.000973861,0.000973861
44,1482.88,1.83927,1.18578,1.07709,0.51754,0.41179,0.4012,0.13419,2.17023,2.21718,1.19843,0.000957358,0.000957358,0.000957358
45,1515.79,1.76021,1.16207,1.05695,0.58205,0.47015,0.49083,0.18501,2.07861,1.98367,1.18415,0.000940855,0.000940855,0.000940855
46,1548.87,1.7684,1.16439,1.07542,0.58293,0.39085,0.40613,0.13427,2.21273,2.02507,1.21945,0.000924352,0.000924352,0.000924352
47,1581.79,1.75698,1.14406,1.0482,0.5006,0.41259,0.43348,0.14213,2.16211,2.35804,1.20931,0.000907848,0.000907848,0.000907848
48,1614.68,1.79198,1.17685,1.06042,0.6107,0.39217,0.45199,0.17295,2.03565,2.33117,1.17499,0.000891345,0.000891345,0.000891345
49,1647.57,1.7298,1.10071,1.05454,0.57344,0.43069,0.44034,0.14658,2.15033,1.97238,1.20396,0.000874842,0.000874842,0.000874842
50,1680.41,1.75262,1.14519,1.05834,0.61556,0.46019,0.47145,0.16726,2.07051,1.89901,1.16087,0.000858338,0.000858338,0.000858338
51,1713.27,1.7615,1.14622,1.05394,0.58285,0.45005,0.46861,0.17353,2.11202,1.97265,1.22033,0.000841835,0.000841835,0.000841835
52,1746.16,1.74246,1.11072,1.04329,0.61573,0.41354,0.44418,0.15034,2.16334,1.91582,1.22058,0.000825332,0.000825332,0.000825332
53,1778.91,1.75091,1.13197,1.04521,0.60721,0.41909,0.46871,0.18125,2.01216,2.19313,1.17786,0.000808828,0.000808828,0.000808828
54,1811.8,1.73201,1.10621,1.04379,0.59067,0.43287,0.46153,0.17043,2.09909,1.9444,1.14859,0.000792325,0.000792325,0.000792325
55,1844.82,1.72587,1.11408,1.0485,0.53755,0.45546,0.44084,0.15325,2.1851,1.96517,1.17308,0.000775822,0.000775822,0.000775822
56,1877.76,1.73912,1.11382,1.03685,0.51703,0.43419,0.4243,0.14607,2.20626,1.97039,1.20109,0.000759318,0.000759318,0.000759318
57,1910.57,1.7212,1.09753,1.04909,0.67393,0.41739,0.45117,0.14788,2.23996,2.08057,1.18943,0.000742815,0.000742815,0.000742815
58,1943.39,1.72564,1.08841,1.03734,0.54278,0.44711,0.43929,0.15652,2.09776,2.04313,1.17816,0.000726312,0.000726312,0.000726312
59,1976.32,1.71546,1.09548,1.03597,0.54835,0.47173,0.44127,0.14045,2.25224,1.92862,1.16791,0.000709809,0.000709809,0.000709809
60,2009.07,1.6914,1.07349,1.03143,0.54162,0.45186,0.45553,0.16195,2.08694,1.92901,1.16633,0.000693305,0.000693305,0.000693305
61,2042.01,1.7092,1.08782,1.02127,0.49219,0.44385,0.43299,0.15053,2.10277,2.05646,1.17287,0.000676802,0.000676802,0.000676802
62,2074.94,1.70911,1.09743,1.02016,0.48804,0.42826,0.42759,0.14213,2.14363,2.11877,1.16576,0.000660299,0.000660299,0.000660299
63,2107.81,1.7118,1.06805,1.02836,0.53321,0.42387,0.41105,0.14435,2.15977,2.11537,1.18406,0.000643795,0.000643795,0.000643795
64,2140.52,1.70492,1.07883,1.03714,0.54135,0.44395,0.4224,0.14428,2.15718,1.97785,1.1485,0.000627292,0.000627292,0.000627292
65,2173.3,1.67032,1.0644,1.01801,0.55203,0.45718,0.43921,0.15572,2.12383,2.03243,1.15195,0.000610789,0.000610789,0.000610789
66,2206.23,1.67608,1.04937,1.02758,0.54593,0.4646,0.454,0.15796,2.16003,2.03486,1.15749,0.000594286,0.000594286,0.000594286
67,2239.25,1.68159,1.045,1.02034,0.49657,0.45042,0.41249,0.14035,2.12438,1.98856,1.16895,0.000577782,0.000577782,0.000577782
68,2272.13,1.65997,1.05121,1.04036,0.51237,0.48309,0.45199,0.16116,2.02438,2.15318,1.13727,0.000561279,0.000561279,0.000561279
69,2304.95,1.64884,1.02014,1.01883,0.51217,0.47259,0.43419,0.15482,2.11793,1.99046,1.18264,0.000544776,0.000544776,0.000544776
70,2337.88,1.67047,1.03304,1.022,0.5425,0.45987,0.45836,0.15612,2.19843,2.0076,1.19286,0.000528272,0.000528272,0.000528272
71,2370.72,1.67533,1.03898,1.02615,0.53965,0.43918,0.43209,0.14965,2.12956,2.07241,1.17251,0.000511769,0.000511769,0.000511769
72,2403.61,1.63901,1.01693,1.00623,0.59182,0.49172,0.48114,0.17628,2.0493,1.85944,1.16428,0.000495266,0.000495266,0.000495266
73,2436.48,1.63774,1.00811,1.01239,0.57359,0.4434,0.40137,0.13962,2.17896,2.03886,1.174,0.000478762,0.000478762,0.000478762
74,2469.37,1.62345,1.03273,1.00995,0.58549,0.43417,0.45051,0.15898,2.08474,1.89831,1.13187,0.000462259,0.000462259,0.000462259
75,2502.3,1.62423,1.01383,1.00083,0.5108,0.47906,0.44079,0.15731,2.14212,1.89222,1.17265,0.000445756,0.000445756,0.000445756
76,2535.14,1.60313,0.98134,1.007,0.55985,0.4359,0.4379,0.15257,2.13727,1.99912,1.16542,0.000429253,0.000429253,0.000429253
77,2568.01,1.62121,0.99851,1.00295,0.61068,0.47758,0.49108,0.18302,2.10054,1.8661,1.15143,0.000412749,0.000412749,0.000412749
78,2601.08,1.61551,0.98802,0.99842,0.56904,0.46221,0.43842,0.14987,2.1655,1.99091,1.16443,0.000396246,0.000396246,0.000396246
79,2634.01,1.59415,0.96368,0.99004,0.55017,0.4345,0.43189,0.15388,2.10359,2.00068,1.14506,0.000379743,0.000379743,0.000379743
80,2666.83,1.6051,0.99281,0.99785,0.53768,0.44423,0.43338,0.14406,2.18265,2.09962,1.17371,0.000363239,0.000363239,0.000363239
81,2699.8,1.59536,0.97897,0.99008,0.54003,0.46701,0.44238,0.15189,2.17897,2.04616,1.18508,0.000346736,0.000346736,0.000346736
82,2732.63,1.57827,0.97788,1.00242,0.60634,0.45815,0.44764,0.15056,2.12768,2.17359,1.18018,0.000330233,0.000330233,0.000330233
83,2765.67,1.58081,0.9548,0.98554,0.55259,0.47049,0.45274,0.15171,2.1657,2.00408,1.17274,0.000313729,0.000313729,0.000313729
84,2798.53,1.55822,0.94935,0.99345,0.62356,0.46491,0.47326,0.17375,2.09466,1.95492,1.16528,0.000297226,0.000297226,0.000297226
85,2831.34,1.56421,0.95515,0.98406,0.62264,0.4844,0.48767,0.1761,2.07213,1.96707,1.15528,0.000280723,0.000280723,0.000280723
86,2864.17,1.57341,0.94493,0.99635,0.62641,0.4566,0.45468,0.164,2.15881,1.92554,1.14505,0.00026422,0.00026422,0.00026422
87,2897.18,1.58253,0.94318,0.98963,0.59119,0.46137,0.46079,0.17033,2.14395,1.87915,1.12895,0.000247716,0.000247716,0.000247716
88,2930.16,1.56665,0.94889,0.98299,0.5766,0.48233,0.45531,0.16684,2.09545,1.97202,1.14902,0.000231213,0.000231213,0.000231213
89,2963.04,1.53938,0.9366,0.97681,0.53448,0.45427,0.42972,0.14909,2.1694,2.02747,1.17439,0.00021471,0.00021471,0.00021471
90,2995.8,1.52105,0.90729,0.98009,0.56208,0.46565,0.46736,0.17147,2.14209,2.11358,1.1858,0.000198206,0.000198206,0.000198206
91,3031.37,1.54649,0.92774,1.01106,0.62239,0.44598,0.47347,0.17981,2.11085,2.06015,1.16913,0.000181703,0.000181703,0.000181703
92,3064.16,1.54792,0.91936,1.01737,0.61198,0.43802,0.4501,0.16445,2.1234,2.03529,1.15946,0.0001652,0.0001652,0.0001652
93,3096.81,1.53823,0.8997,1.00713,0.60757,0.45772,0.47321,0.17951,2.1082,1.95118,1.16583,0.000148696,0.000148696,0.000148696
94,3129.37,1.52352,0.88897,0.99945,0.57437,0.44688,0.45266,0.16633,2.15275,2.0687,1.17179,0.000132193,0.000132193,0.000132193
95,3162.01,1.51689,0.87882,1.00219,0.6498,0.43641,0.45258,0.15887,2.14715,2.09139,1.17007,0.00011569,0.00011569,0.00011569
96,3194.65,1.51642,0.89237,0.9957,0.55803,0.45657,0.4411,0.15876,2.12056,2.17047,1.17421,9.91865e-05,9.91865e-05,9.91865e-05
97,3227.26,1.51979,0.88292,0.99168,0.58209,0.44977,0.45757,0.1651,2.11961,2.16951,1.17528,8.26832e-05,8.26832e-05,8.26832e-05
98,3260,1.48759,0.85169,0.98967,0.55257,0.46278,0.44685,0.16242,2.1383,2.15039,1.17298,6.61799e-05,6.61799e-05,6.61799e-05
99,3292.65,1.50249,0.86628,0.98908,0.59787,0.44036,0.4523,0.16746,2.13439,2.16201,1.18515,4.96766e-05,4.96766e-05,4.96766e-05
100,3325.22,1.5171,0.87717,0.9916,0.59915,0.44743,0.45839,0.16975,2.13275,2.15734,1.18154,3.31733e-05,3.31733e-05,3.31733e-05
